<?xml version="1.0" encoding="utf-8" ?><dwsync><file name="datepicker.css" server="www.auburnkoreanchurch.org" local="3444694680" remote="12034767032" /><file name="grid_12.css" server="www.auburnkoreanchurch.org" local="3444694680" remote="12034767032" /><file name="ie.css" server="www.auburnkoreanchurch.org" local="3444694680" remote="12034767032" /><file name="reset.css" server="www.auburnkoreanchurch.org" local="3444858036" remote="12034789772" /><file name="skin.css" server="www.auburnkoreanchurch.org" local="3444694680" remote="12034767032" /><file name="slider.css" server="www.auburnkoreanchurch.org" local="3444694680" remote="12034767032" /><file name="style.css" server="www.auburnkoreanchurch.org" local="3444858019" remote="12034789772" /><file name="superfish.css" server="www.auburnkoreanchurch.org" local="3444694680" remote="12034767032" /><file name="tms-0.4.1.js" server="www.auburnkoreanchurch.org" local="3444694680" remote="12034767032" /><file name="reset.css" server="www.auburnkoreanchurch.org//MMA/" local="3445340760" remote="12035275352" /><file name="style.css" server="www.auburnkoreanchurch.org//MMA/" local="3446148660" remote="12036083252" /><file name="grid_12.css" server="www.auburnkoreanchurch.org//MMA/" local="3445340760" remote="12035275352" /><file name="superfish.css" server="www.auburnkoreanchurch.org//MMA/" local="3445340760" remote="12035275352" /><file name="slider.css" server="www.auburnkoreanchurch.org//MMA/" local="3445340760" remote="12035275352" /><file name="skin.css" server="www.auburnkoreanchurch.org//MMA/" local="3445340760" remote="12035275352" /><file name="datepicker.css" server="www.auburnkoreanchurch.org//MMA/" local="3445340760" remote="12035275352" /><file name="ie.css" server="www.auburnkoreanchurch.org//MMA/" local="3444832440" remote="20624701624" /><file name="tms-0.4.1.js" server="www.auburnkoreanchurch.org//MMA/" local="3444832440" remote="20624701624" /></dwsync>